{
  "IsEncrypted": false,
  "Values": {
    "AzureWebJobsStorage": "UseDevelopmentStorage=true",
    "FUNCTIONS_WORKER_RUNTIME": "dotnet",
    "databaseName": "database",
    "collectionName": "container",
    "keyspaceName": "data",
    "tableName": "table1",
    "ContactPoint": "tvkcassandra.cassandra.cosmos.azure.com",
    "User": "tvkcassandra",
    "Password": "fOUhRd1tue9DV7oshoDsKiXLamfMHemZ2EjJd9Q8JEjkJEfdPDqyv8HLlPOuxpbIp8XjbAHfrYpJJLubDvCWIQ==",
    "DBconnection": "AccountEndpoint=https://localhost:8081/;AccountKey=C2y6yDjf5/R+ob0N8A7Cgv30VRDJIWEHLM+4QDU5DE2nQ9nDuVTqobD4b8mGGyPMbIZnqyMsEcaGQy67XIw/Jw==",
    "CassandraDBconnection": "AccountEndpoint=tvkcassandra.cassandra.cosmos.azure.com;AccountKey=fOUhRd1tue9DV7oshoDsKiXLamfMHemZ2EjJd9Q8JEjkJEfdPDqyv8HLlPOuxpbIp8XjbAHfrYpJJLubDvCWIQ==;"
  }
}